Workbook

Sheet Dashboard
A1: PJ BOLD SOCIAL MEDIA DASHBOARD
A4: OVERALL PROGRESS
A5: Total Posts Planned: | B5: =COUNTA(Calendar!A4:A27) -> 24
A6: Total Posts Completed: | B6: =COUNTIF(Calendar!E4:E27,"Posted") -> 0
A7: Completion Rate: | B7: =IF(B5>0,B6/B5,0) -> 0
A9: MONTHLY PROGRESS TRACKER
A10: Month | B10: Target | C10: Posted | D10: In Progress | E10: Planned | F10: Progress % | G10: Status
A11: January | B11: =COUNTIF(Calendar!A:A,A11) -> 4 | C11: =COUNTIFS(Calendar!A:A,A11,Calendar!E:E,"Posted") -> 0 | D11: =COUNTIFS(Calendar!A:A,A11,Calendar!E:E,"In Progress") -> 0 | E11: =COUNTIFS(Calendar!A:A,A11,Calendar!E:E,"Planned") -> 4 | F11: =IF(B11>0,C11/B11,0) -> 0 | G11: =IF(F11=1,"Complete ✓",IF(F11>0,"In Progress","Not Started")) -> Not Started
A12: February | B12: =COUNTIF(Calendar!A:A,A12) -> 4 | C12: =COUNTIFS(Calendar!A:A,A12,Calendar!E:E,"Posted") -> 0 | D12: =COUNTIFS(Calendar!A:A,A12,Calendar!E:E,"In Progress") -> 0 | E12: =COUNTIFS(Calendar!A:A,A12,Calendar!E:E,"Planned") -> 4 | F12: =IF(B12>0,C12/B12,0) -> 0 | G12: =IF(F12=1,"Complete ✓",IF(F12>0,"In Progress","Not Started")) -> Not Started
A13: March | B13: =COUNTIF(Calendar!A:A,A13) -> 4 | C13: =COUNTIFS(Calendar!A:A,A13,Calendar!E:E,"Posted") -> 0 | D13: =COUNTIFS(Calendar!A:A,A13,Calendar!E:E,"In Progress") -> 0 | E13: =COUNTIFS(Calendar!A:A,A13,Calendar!E:E,"Planned") -> 4 | F13: =IF(B13>0,C13/B13,0) -> 0 | G13: =IF(F13=1,"Complete ✓",IF(F13>0,"In Progress","Not Started")) -> Not Started
A14: April | B14: =COUNTIF(Calendar!A:A,A14) -> 4 | C14: =COUNTIFS(Calendar!A:A,A14,Calendar!E:E,"Posted") -> 0 | D14: =COUNTIFS(Calendar!A:A,A14,Calendar!E:E,"In Progress") -> 0 | E14: =COUNTIFS(Calendar!A:A,A14,Calendar!E:E,"Planned") -> 4 | F14: =IF(B14>0,C14/B14,0) -> 0 | G14: =IF(F14=1,"Complete ✓",IF(F14>0,"In Progress","Not Started")) -> Not Started
A15: May | B15: =COUNTIF(Calendar!A:A,A15) -> 4 | C15: =COUNTIFS(Calendar!A:A,A15,Calendar!E:E,"Posted") -> 0 | D15: =COUNTIFS(Calendar!A:A,A15,Calendar!E:E,"In Progress") -> 0 | E15: =COUNTIFS(Calendar!A:A,A15,Calendar!E:E,"Planned") -> 4 | F15: =IF(B15>0,C15/B15,0) -> 0 | G15: =IF(F15=1,"Complete ✓",IF(F15>0,"In Progress","Not Started")) -> Not Started
A16: June | B16: =COUNTIF(Calendar!A:A,A16) -> 4 | C16: =COUNTIFS(Calendar!A:A,A16,Calendar!E:E,"Posted") -> 0 | D16: =COUNTIFS(Calendar!A:A,A16,Calendar!E:E,"In Progress") -> 0 | E16: =COUNTIFS(Calendar!A:A,A16,Calendar!E:E,"Planned") -> 4 | F16: =IF(B16>0,C16/B16,0) -> 0 | G16: =IF(F16=1,"Complete ✓",IF(F16>0,"In Progress","Not Started")) -> Not Started
A18: POST TYPE BREAKDOWN
A19: Recipe Posts Posted: | B19: =COUNTIFS(Calendar!D:D,"Recipe",Calendar!E:E,"Posted") -> 0
A20: Brand Posts Posted: | B20: =COUNTIFS(Calendar!D:D,"Brand",Calendar!E:E,"Posted") -> 0
A21: Discount Posts Posted: | B21: =COUNTIFS(Calendar!D:D,"Discount",Calendar!E:E,"Posted") -> 0
A23: QUICK TIPS
A24: • Update Calendar status to "Posted" and add URL when you publish
A25: • Dashboard automatically tracks your progress
A26: • Choose "Discount" in Post Type dropdown when running promotions
A27: • Aim to post 4 times per month (1 per week)
A28: • Update Recipe/Brand libraries when content is used

Sheet Calendar
A1: PJ BOLD SOCIAL MEDIA CALENDAR 2025
A3: Month | B3: Week # | C3: Date | D3: Post Type | E3: Status | F3: Link | G3: Notes
A4: January | B4: Week 1 | C4: 2025-01-06 (Mon) | D4: Recipe | E4: Planned
A5: January | B5: Week 2 | C5: 2025-01-13 (Mon) | D5: Brand | E5: Planned
A6: January | B6: Week 3 | C6: 2025-01-20 (Mon) | D6: Recipe | E6: Planned
A7: January | B7: Week 4 | C7: 2025-01-27 (Mon) | D7: Brand | E7: Planned
A8: February | B8: Week 5 | C8: 2025-02-03 (Mon) | D8: Recipe | E8: Planned
A9: February | B9: Week 6 | C9: 2025-02-10 (Mon) | D9: Brand | E9: Planned
A10: February | B10: Week 7 | C10: 2025-02-17 (Mon) | D10: Recipe | E10: Planned
A11: February | B11: Week 8 | C11: 2025-02-24 (Mon) | D11: Brand | E11: Planned
A12: March | B12: Week 9 | C12: 2025-03-03 (Mon) | D12: Recipe | E12: Planned
A13: March | B13: Week 10 | C13: 2025-03-10 (Mon) | D13: Brand | E13: Planned
A14: March | B14: Week 11 | C14: 2025-03-17 (Mon) | D14: Recipe | E14: Planned
A15: March | B15: Week 12 | C15: 2025-03-24 (Mon) | D15: Brand | E15: Planned
... A27: June | B27: Week 24 | C27: 2025-06-16 (Mon) | D27: Brand | E27: Planned

Sheet Recipe Library
A1: RECIPE & COOKING CONTENT LIBRARY
A2: # | B2: Content Title | C2: Status | D2: URL
A3: 1 | B3: https://www.pjbold.com/blogs/news/how-to-melt-gummy-bears-to-make-edibles | C3: Available
A4: 2 | B4: https://www.pjbold.com/blogs/news/candy-recipes-for-silicone-molds | C4: Available
A5: 3 | B5: https://www.pjbold.com/blogs/news/how-to-make-mushroom-chocolate-bars | C5: Available
A6: 4 | B6: https://www.pjbold.com/es/blogs/news/how-to-make-edible-gummies-step-by-step-guide | C6: Available
A7: 5 | B7: https://www.pjbold.com/blogs/news/cannabis-chocolate-chip-cookies | C7: Available
A8: 6 | B8: https://www.pjbold.com/blogs/news/sweets-with-a-twist-making-your-own-cannabis-nerds-ropes | C8: Available
A9: 7 | B9: https://www.pjbold.com/blogs/news/how-to-make-edible-gummies-step-by-step-guide | C9: Available
A10: 8 | B10: https://www.pjbold.com/es/blogs/news/cannabis-chocolate-chip-cookies | C10: Available
A11: 9 | B11: https://www.pjbold.com/es/blogs/news/how-do-you-make-cbd-gummies | C11: Available
A12: 10 | B12: https://www.pjbold.com/blogs/news/how-to-make-gummies-with-jello | C12: Available
A13: 11 | B13: https://www.pjbold.com/fr/blogs/news/how-to-make-weed-gummies-at-home-in-easy-steps | C13: Available
A14: 12 | B14: https://www.pjbold.com/blogs/news/how-to-make-cannabis-cupcakes | C14: Available
... A22: 20 | B22: https://www.pjbold.com/blogs/news/homemade-caramel-lollipop-recipe | C22: Available

Sheet Brand Library
A1: BRAND CONTENT IDEAS LIBRARY
A2: # | B2: Topic | C2: Idea | D2: Status | E2: URL
A3: 1 | B3: New Arrival Tease | C3: Highlight a fresh state-themed mold launch and its gummy-making potential | D3: Available
A4: 2 | B4: Mold Durability Demo | C4: Show the mold being flexed, washed, and reused to prove long-lasting quality | D4: Available
A5: 3 | B5: Themed Mold Highlight | C5: Feature heart-shaped molds for romantic or holiday candy creations | D5: Available
A6: 4 | B6: Custom Mold Showcase | C6: Display a customer's personalized mold design and the simple ordering process | D6: Available
A7: 5 | B7: Polycarbonate vs. Silicone | C7: Explain key differences and benefits for chocolate and candy work | D7: Available
A8: 6 | B8: Leaf Mold Inspiration | C8: Demonstrate nature-themed edibles using leaf-shaped designs | D8: Available
A9: 7 | B9: Butter Mold Focus | C9: Show butter molds for clean release and safe food use | D9: Available
A10: 8 | B10: Lollipop Mold Fun | C10: Present colorful lollipop examples for family-friendly DIY projects | D10: Available
A11: 9 | B11: Mushroom Mold Magic | C11: Spotlight whimsical mushroom molds with fun flavor suggestions | D11: Available
A12: 10 | B12: All-Silicone Collection | C12: List top silicone molds with brief highlights on each | D12: Available
A13: 11 | B13: 5-Star Review Spotlight | C13: Share a glowing customer review with their finished gummy photo | D13: Available
A14: 12 | B14: Repeat Buyer Praise | C14: Feature feedback from someone who bought multiple times | D14: Available
... A32: 30 | B32: Customer Creation Roundup | C32: Compile several user-submitted finished candy photos | D32: Available
